{
  "version": "1",
  "num_runs": 16,
  "mean_precision": 0.16353571218057408,
  "mean_recall": 0.19345238095238096,
  "mean_f1": 0.15376483601055216,
  "mean_weighted_recall": 0.19953703703703704,
  "std_precision": 0.22992741195038782,
  "std_recall": 0.33827124861821073,
  "std_f1": 0.23783202845683182,
  "vuln_detection_rate": {
    "OWASP-001": 0.25,
    "OWASP-002": 0.25,
    "OWASP-003": 0.1875,
    "OWASP-004": 0.25,
    "OWASP-005": 0.125,
    "OWASP-006": 0.125,
    "OWASP-007": 0.375,
    "OWASP-008": 0.1875,
    "OWASP-009": 0.1875,
    "OWASP-010": 0.25,
    "OWASP-011": 0.1875,
    "OWASP-012": 0.1875,
    "OWASP-013": 0.3125,
    "OWASP-014": 0.1875,
    "OWASP-015": 0.1875,
    "OWASP-016": 0.3125,
    "OWASP-017": 0.25,
    "OWASP-018": 0.1875,
    "OWASP-019": 0.125,
    "OWASP-020": 0.125,
    "OWASP-021": 0.125,
    "OWASP-022": 0.25,
    "OWASP-023": 0.1875,
    "OWASP-024": 0.1875,
    "OWASP-025": 0.1875,
    "OWASP-026": 0.1875,
    "OWASP-027": 0.125,
    "OWASP-028": 0.3125,
    "OWASP-029": 0.25,
    "OWASP-030": 0.125,
    "OWASP-031": 0.3125,
    "OWASP-032": 0.125,
    "OWASP-033": 0.0625,
    "OWASP-034": 0.3125,
    "OWASP-035": 0.0625,
    "OWASP-036": 0.0625,
    "OWASP-037": 0.3125,
    "OWASP-038": 0.0625,
    "OWASP-039": 0.0625,
    "OWASP-040": 0.3125,
    "OWASP-041": 0.125,
    "OWASP-042": 0.125
  },
  "mean_finding_count": 18.8125,
  "std_finding_count": 32.191549098068165,
  "thresholds": {
    "min_recall": 0.05,
    "min_f1": 0.05,
    "min_weighted_recall": 0.05,
    "max_false_positive_rate": 0.9
  }
}