{
  "version": "1",
  "num_runs": 1,
  "mean_precision": 0.4166666666666667,
  "mean_recall": 0.47619047619047616,
  "mean_f1": 0.4444444444444445,
  "mean_weighted_recall": 0.5481481481481482,
  "std_precision": 0,
  "std_recall": 0,
  "std_f1": 0,
  "vuln_detection_rate": {
    "OWASP-001": 0,
    "OWASP-002": 0,
    "OWASP-003": 0,
    "OWASP-004": 1,
    "OWASP-005": 1,
    "OWASP-006": 1,
    "OWASP-007": 0,
    "OWASP-008": 0,
    "OWASP-009": 0,
    "OWASP-010": 1,
    "OWASP-011": 1,
    "OWASP-012": 1,
    "OWASP-013": 1,
    "OWASP-014": 1,
    "OWASP-015": 1,
    "OWASP-016": 0,
    "OWASP-017": 0,
    "OWASP-018": 0,
    "OWASP-019": 1,
    "OWASP-020": 1,
    "OWASP-021": 1,
    "OWASP-022": 1,
    "OWASP-023": 1,
    "OWASP-024": 0,
    "OWASP-025": 0,
    "OWASP-026": 0,
    "OWASP-027": 0,
    "OWASP-028": 0,
    "OWASP-029": 0,
    "OWASP-030": 0,
    "OWASP-031": 1,
    "OWASP-032": 0,
    "OWASP-033": 0,
    "OWASP-034": 0,
    "OWASP-035": 0,
    "OWASP-036": 0,
    "OWASP-037": 1,
    "OWASP-038": 1,
    "OWASP-039": 1,
    "OWASP-040": 1,
    "OWASP-041": 1,
    "OWASP-042": 0
  },
  "mean_finding_count": 48,
  "std_finding_count": 0,
  "thresholds": {
    "min_recall": 0.47619047619047616,
    "min_f1": 0.4444444444444445,
    "min_weighted_recall": 0.5481481481481482,
    "max_false_positive_rate": 0.5
  }
}