{
  "version": "1",
  "num_runs": 10,
  "mean_precision": 0.10399091499026607,
  "mean_recall": 0.14523809523809522,
  "mean_f1": 0.12024603836530443,
  "mean_weighted_recall": 0.1488888888888889,
  "std_precision": 0.22495045904268288,
  "std_recall": 0.3322829254638277,
  "std_f1": 0.26578296241109184,
  "vuln_detection_rate": {
    "OWASP-001": 0.2,
    "OWASP-002": 0.2,
    "OWASP-003": 0.2,
    "OWASP-004": 0.2,
    "OWASP-005": 0.1,
    "OWASP-006": 0.1,
    "OWASP-007": 0.2,
    "OWASP-008": 0.2,
    "OWASP-009": 0.2,
    "OWASP-010": 0.2,
    "OWASP-011": 0.1,
    "OWASP-012": 0.1,
    "OWASP-013": 0.2,
    "OWASP-014": 0.1,
    "OWASP-015": 0.1,
    "OWASP-016": 0.2,
    "OWASP-017": 0.2,
    "OWASP-018": 0.2,
    "OWASP-019": 0.1,
    "OWASP-020": 0.1,
    "OWASP-021": 0.1,
    "OWASP-022": 0.2,
    "OWASP-023": 0.2,
    "OWASP-024": 0.2,
    "OWASP-025": 0.1,
    "OWASP-026": 0.1,
    "OWASP-027": 0.1,
    "OWASP-028": 0.2,
    "OWASP-029": 0.1,
    "OWASP-030": 0.1,
    "OWASP-031": 0.2,
    "OWASP-032": 0.1,
    "OWASP-033": 0.1,
    "OWASP-034": 0.2,
    "OWASP-035": 0.1,
    "OWASP-036": 0.1,
    "OWASP-037": 0.1,
    "OWASP-038": 0.1,
    "OWASP-039": 0.1,
    "OWASP-040": 0.2,
    "OWASP-041": 0.1,
    "OWASP-042": 0.1
  },
  "mean_finding_count": 11.3,
  "std_finding_count": 24.33127845204832,
  "thresholds": {
    "min_recall": 0,
    "min_f1": 0,
    "min_weighted_recall": 0,
    "max_false_positive_rate": 0.5
  }
}